URL,Date
https://movies.queiry.com/2022/06/dulhaniya-london-se-layenge-2022-hdrip.html,
https://movies.queiry.com/2022/06/rann-2022-hdrip-full-movie-download.html,
https://movies.queiry.com/2022/06/mera-bharat-mahan-full-movie-torrent.html,
https://movies.queiry.com/2022/06/brahmastra-2022-hdrip-full-movie.html,
https://movies.queiry.com/2022/06/premam-2022-hdrip-full-movie-download.html,
https://movies.queiry.com/2022/05/jugjugg-jeeyo-2022-hdrip-full-movie.html,
https://movies.queiry.com/2022/05/posti-2022-hdrip-full-movie-download.html,
https://movies.queiry.com/2022/05/janhit-mein-jaari-2022-hdrip-full-movie.html,
https://movies.queiry.com/2022/05/ardh-2022-hdrip-full-movie-download.html,
https://movies.queiry.com/2022/05/major-2022-hdrip-full-movie-download.html,
https://movies.queiry.com/2022/05/sher-bagga-2022-hdrip-full-movie.html,
https://movies.queiry.com/2022/05/lover-2022-hdrip-full-movie-download.html,
https://movies.queiry.com/2022/05/vikram-2022-hdrip-full-movie-download.html,
https://movies.queiry.com/2022/05/nikamma-2022-hdrip-full-movie-download.html,
https://movies.queiry.com/2022/05/mahi-mera-nikka-jeha-2022-hdrip-full.html,
https://movies.queiry.com/2022/05/kokka-2022-hdrip-full-movie-download.html,
https://movies.queiry.com/2022/05/mere-desh-ki-dharti-2022-hdrip-full.html,
https://movies.queiry.com/2022/05/pr-2022-hdrip-full-movie-download-720p.html,
https://movies.queiry.com/2022/05/cbi-5-brain-2022-hdrip-full-movie.html,
https://movies.queiry.com/2022/05/modern-love-mumbai-2022-hdrip-full.html,
https://movies.queiry.com/2022/05/om-battle-within-2022-hdrip-full-movie.html,
https://movies.queiry.com/2022/04/guilty-minds-2022-hdrip-full-webseries.html,
https://movies.queiry.com/2022/04/dasvi-2022-hdrip-full-movie-download.html,
https://movies.queiry.com/2022/04/acharya-2022-hdrip-full-movie-download.html,
https://movies.queiry.com/2022/04/kgf-chapter-2-2022-hdrip-full-movie.html,
https://movies.queiry.com/2022/04/raano-2022-hdrip-full-movie-download.html,
https://movies.queiry.com/2022/04/bhool-bhulaiyaa-2-2022-hdrip-full-movie.html,
https://movies.queiry.com/2022/04/runway-34-2022-hdrip-full-movie.html,
https://movies.queiry.com/2022/04/heropanti-2-2022-hdrip-full-movie.html,
https://movies.queiry.com/2022/04/ante-sundaraniki-2022-hdrip-full-movie.html,
https://movies.queiry.com/2022/04/rider-2021-hdrip-full-movie-filmymeet.html,
https://movies.queiry.com/2022/04/old-monk-2022-hdrip-full-movie.html,
https://movies.queiry.com/2022/04/download-thar-2022-netflix-hd-movie.html,
https://movies.queiry.com/2022/04/kantara-2022-hdrip-full-hd-movie.html,
https://movies.queiry.com/2022/04/dakuaan-da-munda-2-2022-hdrip-full.html,
https://movies.queiry.com/2022/04/main-te-bapu-2022-hdrip-movie-filmymeet.html,
https://movies.queiry.com/2022/04/download-saade-aale-2022-hd-movie.html,
https://movies.queiry.com/2022/04/maa-2022-hdrip-movie-filmymeet-full.html,
https://movies.queiry.com/2022/04/ni-main-sass-kuttni-2022-hdrip-full.html,
https://movies.queiry.com/2022/04/saunkan-saunkne-2022-hdrip-full-movie.html,
https://movies.queiry.com/2022/04/sharmaji-namkeen-full-movie-download.html,
https://movies.queiry.com/2022/04/raw-beast-2022-full-hdrip-movie.html,
https://movies.queiry.com/2022/04/james-movie-filmymeet-full-download.html,
https://movies.queiry.com/2022/04/deep-water-2022-hdrip-full-movie.html,
https://movies.queiry.com/2022/04/clap-full-movie-torrent-file-download.html,
https://movies.queiry.com/2022/03/shubh-samachar-movie-filmymeet-full.html,
https://movies.queiry.com/2022/03/theal-movie-filmymeet-full-download.html,
https://movies.queiry.com/2022/03/aaraattu-movie-filmymeet-full-download.html,
https://movies.queiry.com/2022/03/salute-movie-filmymeet-full-download.html,
https://movies.queiry.com/2022/03/download-lekh-hd-movie-online-filmywap.html,
https://movies.queiry.com/2022/03/the-kashmir-files-full-movie-torrent.html,
https://movies.queiry.com/2022/03/fir-movie-filmymeet-full-download-480p.html,
https://movies.queiry.com/2022/03/love-mocktail-2-full-movie-download.html,
https://movies.queiry.com/2022/03/dulhan-wahi-jo-piya-man-bhaye-movie.html,
https://movies.queiry.com/2022/03/lallu-ki-laila-movie-filmymeet-full.html,
https://movies.queiry.com/2022/03/bachchhan-paandey-movie-filmymeet-full.html,
https://movies.queiry.com/2022/03/jora-10-numbaria-full-movie-download.html,
https://movies.queiry.com/2022/03/vcr-billu-da-movie-filmymeet-full.html,
https://movies.queiry.com/2022/03/ramarao-on-duty-movie-filmymeet-full.html,
https://movies.queiry.com/2022/03/dangerous-full-web-series-torrent-file.html,
https://movies.queiry.com/2022/03/the-privilege-full-movie-torrent-file.html,
https://movies.queiry.com/2022/03/hero-movie-filmymeet-full-download-480p.html,
https://movies.queiry.com/2022/03/bhoothakaalam-full-malayalam-movie.html,
https://movies.queiry.com/2022/03/hridayam-full-malayalam-movie-download.html,
https://movies.queiry.com/2022/03/naaradan-full-malayalam-movie-download.html,
https://movies.queiry.com/2022/03/yuvarathnaa-full-kannada-movie-download.html,
https://movies.queiry.com/2022/03/selfie-movie-download-filmymeet-watch.html,
https://movies.queiry.com/2022/03/hey-sinamika-tamil-movie-download.html,
https://movies.queiry.com/2022/02/bheeshma-parvam-movie-download.html,
https://movies.queiry.com/2022/02/aadavallu-meeku-johaarlu-movie-download.html,
https://movies.queiry.com/2022/02/dj-tillu-movie-download-filmymeet-watch.html,
https://movies.queiry.com/2022/02/love-hostel-movie-download-filmymeet.html,
https://movies.queiry.com/2022/02/ek-love-ya-movie-download-filmymeet.html,
https://movies.queiry.com/2022/02/uncharted-movie-download-filmymeet.html,
https://movies.queiry.com/2022/02/bheemla-nayak-movie-download-filmymeet.html,
https://movies.queiry.com/2022/02/khiladi-480p-720p-movie-tamilrockers.html,
https://movies.queiry.com/2022/02/rang-panjab-480p-720p-movie-download.html,
https://movies.queiry.com/2022/02/mahaan-480p-720p-movie-download-watch.html,
https://movies.queiry.com/2022/02/gehraiyaan-480p-720p-movie-download.html,
https://movies.queiry.com/2022/02/fuffad-ji-480p-720p-movie-download.html,
https://movies.queiry.com/2022/02/sab-moh-maya-hai-480p-720p-movie.html,
https://movies.queiry.com/2022/02/gangubai-kathiawadi-full-movie-download.html,
https://movies.queiry.com/2022/02/main-viyah-nahi-karona-tere-naal-480p.html,
https://movies.queiry.com/2022/02/jal-wayu-enclave-480p-720p-movie.html,
https://movies.queiry.com/2022/02/jatt-brothers-480p-720p-movie-download.html,
https://movies.queiry.com/2022/02/badhaai-do-480p-720p-movie-download.html,
https://movies.queiry.com/2022/01/valimai-480p-720p-movie-download.html,
https://movies.queiry.com/2022/01/aaradugula-bullet-480p-720p-movie.html,
https://movies.queiry.com/2022/01/love-story-480p-720p-movie-download.html,
https://movies.queiry.com/2022/01/the-355-480p-720p-movie-download.html,
https://movies.queiry.com/2022/01/bangarraju-480p-720p-movie-download.html,
https://movies.queiry.com/2022/01/sarkar-480p-720p-movie-download.html,
https://movies.queiry.com/2022/01/bigil-480p-720p-movie-download.html,
https://movies.queiry.com/2022/01/shooter-480p-720p-movie-download.html,
https://movies.queiry.com/2022/01/sasura-bada-satavela-480p-720p-movie.html,
https://movies.queiry.com/2022/01/babbar-480p-720p-movie-download.html,
https://movies.queiry.com/2022/01/moosa-jatt-480p-720p-movie-download.html,
https://movies.queiry.com/2021/12/thor-4-480p-720p-movie-download.html,
https://movies.queiry.com/2021/12/marakkar-480p-720p-movie-download.html,
https://movies.queiry.com/2021/12/radhe-shyam-480p-720p-movie-download.html,
